timestamp,level,message
2026-09-30T12:00:00,INFO,Request completed
2026-09-30T12:00:10,INFO,Health check OK
2026-09-30T12:00:20,WARNING,Response time above 500 ms
2026-09-30T12:00:30,ERROR,Database timeout
2026-09-30T12:01:00,INFO,Request completed
2026-09-30T12:01:10,INFO,Health check OK
2026-09-30T12:02:00,INFO,Request completed
2026-09-30T12:02:10,INFO,Health check OK
2026-09-30T12:03:00,INFO,Request completed
2026-09-30T12:03:10,INFO,Health check OK
2026-09-30T12:04:00,INFO,Request completed
2026-09-30T12:04:10,INFO,Health check OK
2026-09-30T12:05:00,INFO,Request completed
2026-09-30T12:05:10,INFO,Health check OK
2026-09-30T12:06:00,INFO,Request completed
2026-09-30T12:06:10,INFO,Health check OK
2026-09-30T12:07:00,INFO,Request completed
2026-09-30T12:07:10,INFO,Health check OK
2026-09-30T12:08:00,INFO,Request completed
2026-09-30T12:08:10,INFO,Health check OK
2026-09-30T12:09:00,INFO,Request completed
2026-09-30T12:09:10,INFO,Health check OK
2026-09-30T12:10:00,INFO,Request completed
2026-09-30T12:10:10,INFO,Health check OK
2026-09-30T12:10:20,WARNING,Response time above 500 ms
2026-09-30T12:11:00,INFO,Request completed
2026-09-30T12:11:10,INFO,Health check OK
2026-09-30T12:12:00,INFO,Request completed
2026-09-30T12:12:10,INFO,Health check OK
2026-09-30T12:13:00,INFO,Request completed
2026-09-30T12:13:10,INFO,Health check OK
2026-09-30T12:14:00,INFO,Request completed
2026-09-30T12:14:10,INFO,Health check OK
2026-09-30T12:15:00,INFO,Request completed
2026-09-30T12:15:10,INFO,Health check OK
2026-09-30T12:15:30,ERROR,Database timeout
2026-09-30T12:16:00,INFO,Request completed
2026-09-30T12:16:10,INFO,Health check OK
2026-09-30T12:17:00,INFO,Request completed
2026-09-30T12:17:10,INFO,Health check OK
2026-09-30T12:18:00,INFO,Request completed
2026-09-30T12:18:10,INFO,Health check OK
2026-09-30T12:19:00,INFO,Request completed
2026-09-30T12:19:10,INFO,Health check OK
2026-09-30T12:20:00,INFO,Request completed
2026-09-30T12:20:10,INFO,Health check OK
2026-09-30T12:20:20,WARNING,Response time above 500 ms
2026-09-30T12:21:00,INFO,Request completed
2026-09-30T12:21:10,INFO,Health check OK
2026-09-30T12:22:00,INFO,Request completed
2026-09-30T12:22:10,INFO,Health check OK
2026-09-30T12:23:00,INFO,Request completed
2026-09-30T12:23:10,INFO,Health check OK
2026-09-30T12:24:00,INFO,Request completed
2026-09-30T12:24:10,INFO,Health check OK
2026-09-30T12:25:00,INFO,Request completed
2026-09-30T12:25:10,INFO,Health check OK
2026-09-30T12:26:00,INFO,Request completed
2026-09-30T12:26:10,INFO,Health check OK
2026-09-30T12:27:00,INFO,Request completed
2026-09-30T12:27:10,INFO,Health check OK
2026-09-30T12:28:00,INFO,Request completed
2026-09-30T12:28:10,INFO,Health check OK
2026-09-30T12:29:00,INFO,Request completed
2026-09-30T12:29:10,INFO,Health check OK
2026-09-30T12:30:00,INFO,Request completed
2026-09-30T12:30:00,WARNING,Failed login for user demo
2026-09-30T12:30:01,WARNING,Failed login for user demo
2026-09-30T12:30:02,WARNING,Failed login for user demo
2026-09-30T12:30:03,WARNING,Failed login for user demo
2026-09-30T12:30:04,WARNING,Failed login for user demo
2026-09-30T12:30:05,WARNING,Failed login for user demo
2026-09-30T12:30:06,WARNING,Failed login for user demo
2026-09-30T12:30:07,WARNING,Failed login for user demo
2026-09-30T12:30:08,WARNING,Failed login for user demo
2026-09-30T12:30:09,WARNING,Failed login for user demo
2026-09-30T12:30:10,INFO,Health check OK
2026-09-30T12:30:10,WARNING,Failed login for user demo
2026-09-30T12:30:11,WARNING,Failed login for user demo
2026-09-30T12:30:12,WARNING,Failed login for user demo
2026-09-30T12:30:13,WARNING,Failed login for user demo
2026-09-30T12:30:14,WARNING,Failed login for user demo
2026-09-30T12:30:15,WARNING,Failed login for user demo
2026-09-30T12:30:16,WARNING,Failed login for user demo
2026-09-30T12:30:17,WARNING,Failed login for user demo
2026-09-30T12:30:18,WARNING,Failed login for user demo
2026-09-30T12:30:19,WARNING,Failed login for user demo
2026-09-30T12:30:20,WARNING,Response time above 500 ms
2026-09-30T12:30:20,WARNING,Failed login for user demo
2026-09-30T12:30:21,WARNING,Failed login for user demo
2026-09-30T12:30:22,WARNING,Failed login for user demo
2026-09-30T12:30:23,WARNING,Failed login for user demo
2026-09-30T12:30:24,WARNING,Failed login for user demo
2026-09-30T12:30:30,ERROR,Database timeout
2026-09-30T12:31:00,INFO,Request completed
2026-09-30T12:31:10,INFO,Health check OK
2026-09-30T12:32:00,INFO,Request completed
2026-09-30T12:32:10,INFO,Health check OK
2026-09-30T12:33:00,INFO,Request completed
2026-09-30T12:33:10,INFO,Health check OK
2026-09-30T12:34:00,INFO,Request completed
2026-09-30T12:34:10,INFO,Health check OK
2026-09-30T12:35:00,INFO,Request completed
2026-09-30T12:35:10,INFO,Health check OK
2026-09-30T12:36:00,INFO,Request completed
2026-09-30T12:36:10,INFO,Health check OK
2026-09-30T12:37:00,INFO,Request completed
2026-09-30T12:37:10,INFO,Health check OK
2026-09-30T12:38:00,INFO,Request completed
2026-09-30T12:38:10,INFO,Health check OK
2026-09-30T12:39:00,INFO,Request completed
2026-09-30T12:39:10,INFO,Health check OK
2026-09-30T12:40:00,INFO,Request completed
2026-09-30T12:40:10,INFO,Health check OK
2026-09-30T12:40:20,WARNING,Response time above 500 ms
2026-09-30T12:41:00,INFO,Request completed
2026-09-30T12:41:10,INFO,Health check OK
2026-09-30T12:42:00,INFO,Request completed
2026-09-30T12:42:10,INFO,Health check OK
2026-09-30T12:43:00,INFO,Request completed
2026-09-30T12:43:10,INFO,Health check OK
2026-09-30T12:44:00,INFO,Request completed
2026-09-30T12:44:10,INFO,Health check OK
2026-09-30T12:45:00,INFO,Request completed
2026-09-30T12:45:10,INFO,Health check OK
2026-09-30T12:45:30,ERROR,Database timeout
2026-09-30T12:46:00,INFO,Request completed
2026-09-30T12:46:10,INFO,Health check OK
2026-09-30T12:47:00,INFO,Request completed
2026-09-30T12:47:10,INFO,Health check OK
2026-09-30T12:48:00,INFO,Request completed
2026-09-30T12:48:10,INFO,Health check OK
2026-09-30T12:49:00,INFO,Request completed
2026-09-30T12:49:10,INFO,Health check OK
2026-09-30T12:50:00,INFO,Request completed
2026-09-30T12:50:10,INFO,Health check OK
2026-09-30T12:50:20,WARNING,Response time above 500 ms
2026-09-30T12:51:00,INFO,Request completed
2026-09-30T12:51:10,INFO,Health check OK
2026-09-30T12:52:00,INFO,Request completed
2026-09-30T12:52:10,INFO,Health check OK
2026-09-30T12:53:00,INFO,Request completed
2026-09-30T12:53:10,INFO,Health check OK
2026-09-30T12:54:00,INFO,Request completed
2026-09-30T12:54:10,INFO,Health check OK
2026-09-30T12:55:00,INFO,Request completed
2026-09-30T12:55:10,INFO,Health check OK
2026-09-30T12:56:00,INFO,Request completed
2026-09-30T12:56:10,INFO,Health check OK
2026-09-30T12:57:00,INFO,Request completed
2026-09-30T12:57:10,INFO,Health check OK
2026-09-30T12:58:00,INFO,Request completed
2026-09-30T12:58:10,INFO,Health check OK
2026-09-30T12:59:00,INFO,Request completed
2026-09-30T12:59:10,INFO,Health check OK
2026-09-30T13:00:00,INFO,Request completed
2026-09-30T13:00:00,ERROR,Database timeout
2026-09-30T13:00:01,ERROR,Database timeout
2026-09-30T13:00:02,ERROR,Database timeout
2026-09-30T13:00:03,ERROR,Database timeout
2026-09-30T13:00:04,ERROR,Database timeout
2026-09-30T13:00:05,ERROR,Database timeout
2026-09-30T13:00:06,ERROR,Database timeout
2026-09-30T13:00:07,ERROR,Database timeout
2026-09-30T13:00:08,ERROR,Database timeout
2026-09-30T13:00:09,ERROR,Database timeout
2026-09-30T13:00:10,INFO,Health check OK
2026-09-30T13:00:10,ERROR,Database timeout
2026-09-30T13:00:11,ERROR,Database timeout
2026-09-30T13:00:12,ERROR,Database timeout
2026-09-30T13:00:13,ERROR,Database timeout
2026-09-30T13:00:14,ERROR,Database timeout
2026-09-30T13:00:15,ERROR,Database timeout
2026-09-30T13:00:16,ERROR,Database timeout
2026-09-30T13:00:17,ERROR,Database timeout
2026-09-30T13:00:18,ERROR,Database timeout
2026-09-30T13:00:19,ERROR,Database timeout
2026-09-30T13:00:20,WARNING,Response time above 500 ms
2026-09-30T13:00:20,ERROR,Database timeout
2026-09-30T13:00:21,ERROR,Database timeout
2026-09-30T13:00:22,ERROR,Database timeout
2026-09-30T13:00:23,ERROR,Database timeout
2026-09-30T13:00:24,ERROR,Database timeout
2026-09-30T13:00:25,ERROR,Database timeout
2026-09-30T13:00:26,ERROR,Database timeout
2026-09-30T13:00:27,ERROR,Database timeout
2026-09-30T13:00:28,ERROR,Database timeout
2026-09-30T13:00:29,ERROR,Database timeout
2026-09-30T13:00:30,ERROR,Database timeout
2026-09-30T13:00:30,ERROR,Database timeout
2026-09-30T13:00:31,ERROR,Database timeout
2026-09-30T13:00:32,ERROR,Database timeout
2026-09-30T13:00:33,ERROR,Database timeout
2026-09-30T13:00:34,ERROR,Database timeout
2026-09-30T13:00:35,ERROR,Database timeout
2026-09-30T13:00:36,ERROR,Database timeout
2026-09-30T13:00:37,ERROR,Database timeout
2026-09-30T13:00:38,ERROR,Database timeout
2026-09-30T13:00:39,ERROR,Database timeout
2026-09-30T13:01:00,INFO,Request completed
2026-09-30T13:01:10,INFO,Health check OK
2026-09-30T13:02:00,INFO,Request completed
2026-09-30T13:02:10,INFO,Health check OK
2026-09-30T13:03:00,INFO,Request completed
2026-09-30T13:03:10,INFO,Health check OK
2026-09-30T13:04:00,INFO,Request completed
2026-09-30T13:04:10,INFO,Health check OK
2026-09-30T13:05:00,INFO,Request completed
2026-09-30T13:05:10,INFO,Health check OK
2026-09-30T13:06:00,INFO,Request completed
2026-09-30T13:06:10,INFO,Health check OK
2026-09-30T13:07:00,INFO,Request completed
2026-09-30T13:07:10,INFO,Health check OK
2026-09-30T13:08:00,INFO,Request completed
2026-09-30T13:08:10,INFO,Health check OK
2026-09-30T13:09:00,INFO,Request completed
2026-09-30T13:09:10,INFO,Health check OK
2026-09-30T13:10:00,INFO,Request completed
2026-09-30T13:10:10,INFO,Health check OK
2026-09-30T13:10:20,WARNING,Response time above 500 ms
2026-09-30T13:11:00,INFO,Request completed
2026-09-30T13:11:10,INFO,Health check OK
2026-09-30T13:12:00,INFO,Request completed
2026-09-30T13:12:10,INFO,Health check OK
2026-09-30T13:13:00,INFO,Request completed
2026-09-30T13:13:10,INFO,Health check OK
2026-09-30T13:14:00,INFO,Request completed
2026-09-30T13:14:10,INFO,Health check OK
2026-09-30T13:15:00,INFO,Request completed
2026-09-30T13:15:10,INFO,Health check OK
2026-09-30T13:15:30,ERROR,Database timeout
2026-09-30T13:16:00,INFO,Request completed
2026-09-30T13:16:10,INFO,Health check OK
2026-09-30T13:17:00,INFO,Request completed
2026-09-30T13:17:10,INFO,Health check OK
2026-09-30T13:18:00,INFO,Request completed
2026-09-30T13:18:10,INFO,Health check OK
2026-09-30T13:19:00,INFO,Request completed
2026-09-30T13:19:10,INFO,Health check OK
2026-09-30T13:20:00,INFO,Request completed
2026-09-30T13:20:10,INFO,Health check OK
2026-09-30T13:20:20,WARNING,Response time above 500 ms
2026-09-30T13:21:00,INFO,Request completed
2026-09-30T13:21:10,INFO,Health check OK
2026-09-30T13:22:00,INFO,Request completed
2026-09-30T13:22:10,INFO,Health check OK
2026-09-30T13:23:00,INFO,Request completed
2026-09-30T13:23:10,INFO,Health check OK
2026-09-30T13:24:00,INFO,Request completed
2026-09-30T13:24:10,INFO,Health check OK
2026-09-30T13:25:00,INFO,Request completed
2026-09-30T13:25:10,INFO,Health check OK
2026-09-30T13:26:00,INFO,Request completed
2026-09-30T13:26:10,INFO,Health check OK
2026-09-30T13:27:00,INFO,Request completed
2026-09-30T13:27:10,INFO,Health check OK
2026-09-30T13:28:00,INFO,Request completed
2026-09-30T13:28:10,INFO,Health check OK
2026-09-30T13:29:00,INFO,Request completed
2026-09-30T13:29:10,INFO,Health check OK
2026-09-30T13:30:00,INFO,Request completed
2026-09-30T13:30:00,INFO,Search request completed
2026-09-30T13:30:01,INFO,Search request completed
2026-09-30T13:30:02,INFO,Search request completed
2026-09-30T13:30:03,INFO,Search request completed
2026-09-30T13:30:04,INFO,Search request completed
2026-09-30T13:30:05,INFO,Search request completed
2026-09-30T13:30:06,INFO,Search request completed
2026-09-30T13:30:07,INFO,Search request completed
2026-09-30T13:30:08,INFO,Search request completed
2026-09-30T13:30:09,INFO,Search request completed
2026-09-30T13:30:10,INFO,Health check OK
2026-09-30T13:30:10,INFO,Search request completed
2026-09-30T13:30:11,INFO,Search request completed
2026-09-30T13:30:12,INFO,Search request completed
2026-09-30T13:30:13,INFO,Search request completed
2026-09-30T13:30:14,INFO,Search request completed
2026-09-30T13:30:15,INFO,Search request completed
2026-09-30T13:30:16,INFO,Search request completed
2026-09-30T13:30:17,INFO,Search request completed
2026-09-30T13:30:18,INFO,Search request completed
2026-09-30T13:30:19,INFO,Search request completed
2026-09-30T13:30:20,WARNING,Response time above 500 ms
2026-09-30T13:30:20,INFO,Search request completed
2026-09-30T13:30:21,INFO,Search request completed
2026-09-30T13:30:22,INFO,Search request completed
2026-09-30T13:30:23,INFO,Search request completed
2026-09-30T13:30:24,INFO,Search request completed
2026-09-30T13:30:25,INFO,Search request completed
2026-09-30T13:30:26,INFO,Search request completed
2026-09-30T13:30:27,INFO,Search request completed
2026-09-30T13:30:28,INFO,Search request completed
2026-09-30T13:30:29,INFO,Search request completed
2026-09-30T13:30:30,ERROR,Database timeout
2026-09-30T13:30:30,INFO,Search request completed
2026-09-30T13:30:31,INFO,Search request completed
2026-09-30T13:30:32,INFO,Search request completed
2026-09-30T13:30:33,INFO,Search request completed
2026-09-30T13:30:34,INFO,Search request completed
2026-09-30T13:30:35,INFO,Search request completed
2026-09-30T13:30:36,INFO,Search request completed
2026-09-30T13:30:37,INFO,Search request completed
2026-09-30T13:30:38,INFO,Search request completed
2026-09-30T13:30:39,INFO,Search request completed
2026-09-30T13:30:40,INFO,Search request completed
2026-09-30T13:30:41,INFO,Search request completed
2026-09-30T13:30:42,INFO,Search request completed
2026-09-30T13:30:43,INFO,Search request completed
2026-09-30T13:30:44,INFO,Search request completed
2026-09-30T13:30:45,INFO,Search request completed
2026-09-30T13:30:46,INFO,Search request completed
2026-09-30T13:30:47,INFO,Search request completed
2026-09-30T13:30:48,INFO,Search request completed
2026-09-30T13:30:49,INFO,Search request completed
2026-09-30T13:30:50,INFO,Search request completed
2026-09-30T13:30:51,INFO,Search request completed
2026-09-30T13:30:52,INFO,Search request completed
2026-09-30T13:30:53,INFO,Search request completed
2026-09-30T13:30:54,INFO,Search request completed
2026-09-30T13:30:55,INFO,Search request completed
2026-09-30T13:30:56,INFO,Search request completed
2026-09-30T13:30:57,INFO,Search request completed
2026-09-30T13:30:58,INFO,Search request completed
2026-09-30T13:30:59,INFO,Search request completed
2026-09-30T13:31:00,INFO,Request completed
2026-09-30T13:31:00,INFO,Search request completed
2026-09-30T13:31:01,INFO,Search request completed
2026-09-30T13:31:02,INFO,Search request completed
2026-09-30T13:31:03,INFO,Search request completed
2026-09-30T13:31:04,INFO,Search request completed
2026-09-30T13:31:05,INFO,Search request completed
2026-09-30T13:31:06,INFO,Search request completed
2026-09-30T13:31:07,INFO,Search request completed
2026-09-30T13:31:08,INFO,Search request completed
2026-09-30T13:31:09,INFO,Search request completed
2026-09-30T13:31:10,INFO,Health check OK
2026-09-30T13:31:10,INFO,Search request completed
2026-09-30T13:31:11,INFO,Search request completed
2026-09-30T13:31:12,INFO,Search request completed
2026-09-30T13:31:13,INFO,Search request completed
2026-09-30T13:31:14,INFO,Search request completed
2026-09-30T13:31:15,INFO,Search request completed
2026-09-30T13:31:16,INFO,Search request completed
2026-09-30T13:31:17,INFO,Search request completed
2026-09-30T13:31:18,INFO,Search request completed
2026-09-30T13:31:19,INFO,Search request completed
2026-09-30T13:31:20,INFO,Search request completed
2026-09-30T13:31:21,INFO,Search request completed
2026-09-30T13:31:22,INFO,Search request completed
2026-09-30T13:31:23,INFO,Search request completed
2026-09-30T13:31:24,INFO,Search request completed
2026-09-30T13:31:25,INFO,Search request completed
2026-09-30T13:31:26,INFO,Search request completed
2026-09-30T13:31:27,INFO,Search request completed
2026-09-30T13:31:28,INFO,Search request completed
2026-09-30T13:31:29,INFO,Search request completed
2026-09-30T13:31:30,INFO,Search request completed
2026-09-30T13:31:31,INFO,Search request completed
2026-09-30T13:31:32,INFO,Search request completed
2026-09-30T13:31:33,INFO,Search request completed
2026-09-30T13:31:34,INFO,Search request completed
2026-09-30T13:31:35,INFO,Search request completed
2026-09-30T13:31:36,INFO,Search request completed
2026-09-30T13:31:37,INFO,Search request completed
2026-09-30T13:31:38,INFO,Search request completed
2026-09-30T13:31:39,INFO,Search request completed
2026-09-30T13:32:00,INFO,Request completed
2026-09-30T13:32:10,INFO,Health check OK
2026-09-30T13:33:00,INFO,Request completed
2026-09-30T13:33:10,INFO,Health check OK
2026-09-30T13:34:00,INFO,Request completed
2026-09-30T13:34:10,INFO,Health check OK
2026-09-30T13:35:00,INFO,Request completed
2026-09-30T13:35:10,INFO,Health check OK
2026-09-30T13:36:00,INFO,Request completed
2026-09-30T13:36:10,INFO,Health check OK
2026-09-30T13:37:00,INFO,Request completed
2026-09-30T13:37:10,INFO,Health check OK
2026-09-30T13:38:00,INFO,Request completed
2026-09-30T13:38:10,INFO,Health check OK
2026-09-30T13:39:00,INFO,Request completed
2026-09-30T13:39:10,INFO,Health check OK
2026-09-30T13:40:00,INFO,Request completed
2026-09-30T13:40:10,INFO,Health check OK
2026-09-30T13:40:20,WARNING,Response time above 500 ms
2026-09-30T13:41:00,INFO,Request completed
2026-09-30T13:41:10,INFO,Health check OK
2026-09-30T13:42:00,INFO,Request completed
2026-09-30T13:42:10,INFO,Health check OK
2026-09-30T13:43:00,INFO,Request completed
2026-09-30T13:43:10,INFO,Health check OK
2026-09-30T13:44:00,INFO,Request completed
2026-09-30T13:44:10,INFO,Health check OK
2026-09-30T13:45:00,INFO,Request completed
2026-09-30T13:45:10,INFO,Health check OK
2026-09-30T13:45:30,ERROR,Database timeout
2026-09-30T13:46:00,INFO,Request completed
2026-09-30T13:46:10,INFO,Health check OK
2026-09-30T13:47:00,INFO,Request completed
2026-09-30T13:47:10,INFO,Health check OK
2026-09-30T13:48:00,INFO,Request completed
2026-09-30T13:48:10,INFO,Health check OK
2026-09-30T13:49:00,INFO,Request completed
2026-09-30T13:49:10,INFO,Health check OK
2026-09-30T13:50:00,INFO,Request completed
2026-09-30T13:50:10,INFO,Health check OK
2026-09-30T13:50:20,WARNING,Response time above 500 ms
2026-09-30T13:51:00,INFO,Request completed
2026-09-30T13:51:10,INFO,Health check OK
2026-09-30T13:52:00,INFO,Request completed
2026-09-30T13:52:10,INFO,Health check OK
2026-09-30T13:53:00,INFO,Request completed
2026-09-30T13:53:10,INFO,Health check OK
2026-09-30T13:54:00,INFO,Request completed
2026-09-30T13:54:10,INFO,Health check OK
2026-09-30T13:55:00,INFO,Request completed
2026-09-30T13:55:10,INFO,Health check OK
2026-09-30T13:56:00,INFO,Request completed
2026-09-30T13:56:10,INFO,Health check OK
2026-09-30T13:57:00,INFO,Request completed
2026-09-30T13:57:10,INFO,Health check OK
2026-09-30T13:58:00,INFO,Request completed
2026-09-30T13:58:10,INFO,Health check OK
2026-09-30T13:59:00,INFO,Request completed
2026-09-30T13:59:10,INFO,Health check OK
